{
  "assetsByChunkName": {
    "vendors~app-account~app-confirmation~app-order": "chunk.706668fb87cbe8d9cc10.js",
    "vendors~app-account~app-checkout": "chunk.b6586ace2a20994f7d41.js",
    "vendors~app-cart~app-checkout": "chunk.f494085d6d6e15be76bf.js",
    "admin": [
      "admin.684727a9add2b09eab98.js",
      "admin.684727a9add2b09eab98.js.map"
    ],
    "app-account": "chunk.a5cf4dacb6913403a17f.js",
    "app-confirmation": "chunk.69e2114a64c3b8205db3.js",
    "app-order": "chunk.3a49acb9492f03168a4b.js",
    "checkout": [
      "checkout.012c4af9185ff2109f25.js",
      "checkout.012c4af9185ff2109f25.js.map"
    ],
    "storefront": [
      "storefront.73c59762ca2f5101e011.css",
      "storefront.f23bc128fb2bfa589b7d.js",
      "storefront.73c59762ca2f5101e011.css.map",
      "storefront.f23bc128fb2bfa589b7d.js.map"
    ],
    "vendors~app-cart": "chunk.a82a24e9c7384ab4ff79.js",
    "vendors~app-checkout": "chunk.7a4d3f542a9343f71174.js"
  }
}