{
  "meta_title": "Distribuidora de Maquiagem Direito de Fábrica",
  "meta_description": "Maquiagem em atacado, tudo com o menor preço do Brasil. Maquiagem a partir de R$ 1,99. Revenda maquiagem.",
  "sections": [
    {
      "type": "banner-slider",
      "autoplay": 9000,
      "slides": [
        {
          "start": "2021-12-04T03:29:06.124Z",
          "end": "",
          "img": "/img/uploads/abra-sua-loja-hoje-mesmo-_1_.webp",
          "alt": "Abra sua loja hoje mesmo! "
        }
      ]
    },
    {
      "type": "info-bar",
      "enabled": true
    },
    {
      "type": "collection-shelf",
      "shuffle": true,
      "collection_id": "61aabf970c7c727225b5eada:collections:NOVIDADES:/novidades",
      "limit": 12,
      "page": 1,
      "sort": "sales",
      "title": "NOVIDADES"
    },
    {
      "type": "collection-shelf",
      "shuffle": true,
      "limit": 12,
      "page": 1,
      "collection_id": "61aac16c0c7c727225b5ed38:collections:PRODUTOS EM PROMOÇÃO:/produtos-em-promocao",
      "sort": "views",
      "title": "PRODUTOS EM PROMOÇÃO"
    },
    {
      "type": "collection-shelf",
      "shuffle": false,
      "limit": 12,
      "page": 1,
      "collection_id": "61aac3460c7c727225b5f0c8:collections:PREÇO DIRETO DE FÁBRICA:/preco-direto-de-fabrica",
      "sort": "lowest_price",
      "title": "PREÇOS DIRETO DE FÁBRICA"
    },
    {
      "type": "collection-shelf",
      "shuffle": true,
      "limit": 12,
      "page": 1,
      "collection_id": "61aac4af0c7c727225b5f251:collections:PRODUTOS RUBY ROSE:/produtos-ruby-rose",
      "sort": "lowest_price"
    },
    {
      "type": "collection-shelf",
      "shuffle": true,
      "limit": 12,
      "page": 1,
      "collection_id": "61aac5dd0c7c727225b5f381:collections:MAIS VENDIDOS:/mais-vendidos",
      "sort": "lowest_price"
    },
    {
      "type": "dynamic-showcase",
      "load_more": false,
      "sort": "sales"
    },
    {
      "type": "brands-carousel",
      "limit": 10,
      "offset": 0,
      "sort": null,
      "autoplay": 7000
    },
    {
      "type": "page-title",
      "title": "Distribuidora de Maquiagem e Acessórios. ",
      "description": "Produtos a preço de fábrica, o menor preço do Brasil. Abra sua loja hoje mesmo!"
    },
    {
      "type": "breadcrumbs",
      "enabled": true
    }
  ]
}